,encoder,decoder
mean,0.061715075462341305,0.04248723914337158
std,0.0003769789020124664,0.0003700729292584306
