,encoder,decoder
mean,0.025818515666961667,0.015467931339263916
std,0.002523933497467824,0.0005010836314532791
